{"cameraMode":{"drawMode":0,"name":"Shaded","section":"Shading Mode"},"sceneLighting":true,"audioPlay":false,"sceneViewState":{"showFog":true,"showMaterialUpdate":false,"showSkybox":true,"showFlares":true,"showImageEffects":true,"showParticleSystems":true},"in2DMode":false,"pivot":{"x":249.42982482910157,"y":354.4773254394531,"z":0.13871367275714875},"rotation":{"x":-0.02068237029016018,"y":0.9581520557403565,"z":-0.2763609290122986,"w":-0.07170651108026505},"size":79.0707015991211,"orthographic":false}